business_wallet_flag_detail|wallet_address|asset_id|register_date|asset_short_name|asset_isin|business_wallet_flag|is_deposit_wallet|wallet_issuer|is_update|is_gen_by_business|customer_code|intermediary_id|business_wallet_address|table_id|customer_code_amlo|report_date|wallet_type|wallet_flag
-|0xD387ad5Ea23De2CaF7493992BF60866c16aE3F5D|THDA0000000021|2025-02-25|KAVALON|-|01|F|Xspring_Digital|F|T|1124A0520|0105561177671|0xD387ad5Ea23De2CaF7493992BF60866c16aE3F5D|0105561177671;THDA0000000021;18|-|2025-03-10|10|01
-|0xD387ad5Ea23De2CaF7493992BF60866c16aE3F5D|THDA0000000021|2025-02-25|KAVALON|-|01|F|Xspring_Digital|F|T|112501025|0105561177671|0xD387ad5Ea23De2CaF7493992BF60866c16aE3F5D|0105561177671;THDA0000000021;18|-|2025-03-10|10|01
-|0xD387ad5Ea23De2CaF7493992BF60866c16aE3F5D|THDA0000000021|2025-02-25|KAVALON|-|01|F|Xspring_Digital|F|T|112520624|0105561177671|0xD387ad5Ea23De2CaF7493992BF60866c16aE3F5D|0105561177671;THDA0000000021;18|-|2025-03-10|10|01
-|0xD387ad5Ea23De2CaF7493992BF60866c16aE3F5D|THDA0000000021|2025-02-25|KAVALON|-|01|F|Xspring_Digital|F|T|112401111|0105561177671|0xD387ad5Ea23De2CaF7493992BF60866c16aE3F5D|0105561177671;THDA0000000021;18|-|2025-03-10|10|01
-|0xD387ad5Ea23De2CaF7493992BF60866c16aE3F5D|THDA0000000021|2025-02-25|KAVALON|-|01|F|Xspring_Digital|F|T|112401110|0105561177671|0xD387ad5Ea23De2CaF7493992BF60866c16aE3F5D|0105561177671;THDA0000000021;18|-|2025-03-10|10|01
-|0xD387ad5Ea23De2CaF7493992BF60866c16aE3F5D|THDA0000000021|2025-02-25|KAVALON|-|01|F|Xspring_Digital|F|T|112501012|0105561177671|0xD387ad5Ea23De2CaF7493992BF60866c16aE3F5D|0105561177671;THDA0000000021;18|-|2025-03-10|10|01
-|0xD387ad5Ea23De2CaF7493992BF60866c16aE3F5D|THDA0000000021|2025-02-25|KAVALON|-|01|F|Xspring_Digital|F|T|112501013|0105561177671|0xD387ad5Ea23De2CaF7493992BF60866c16aE3F5D|0105561177671;THDA0000000021;18|-|2025-03-10|10|01
-|0xD387ad5Ea23De2CaF7493992BF60866c16aE3F5D|THDA0000000021|2025-02-25|KAVALON|-|01|F|Xspring_Digital|F|T|112501100|0105561177671|0xD387ad5Ea23De2CaF7493992BF60866c16aE3F5D|0105561177671;THDA0000000021;18|-|2025-03-10|10|01
-|0xD387ad5Ea23De2CaF7493992BF60866c16aE3F5D|THDA0000000021|2025-02-25|KAVALON|-|01|F|Xspring_Digital|F|T|112501044|0105561177671|0xD387ad5Ea23De2CaF7493992BF60866c16aE3F5D|0105561177671;THDA0000000021;18|-|2025-03-10|10|01
-|0xD387ad5Ea23De2CaF7493992BF60866c16aE3F5D|THDA0000000021|2025-02-25|KAVALON|-|01|F|Xspring_Digital|F|T|112501153|0105561177671|0xD387ad5Ea23De2CaF7493992BF60866c16aE3F5D|0105561177671;THDA0000000021;18|-|2025-03-10|10|01
-|0xD387ad5Ea23De2CaF7493992BF60866c16aE3F5D|THDA0000000021|2025-02-25|KAVALON|-|01|F|Xspring_Digital|F|T|112501021|0105561177671|0xD387ad5Ea23De2CaF7493992BF60866c16aE3F5D|0105561177671;THDA0000000021;18|-|2025-03-10|10|01
-|0xD387ad5Ea23De2CaF7493992BF60866c16aE3F5D|THDA0000000021|2025-02-25|KAVALON|-|01|F|Xspring_Digital|F|T|112501071|0105561177671|0xD387ad5Ea23De2CaF7493992BF60866c16aE3F5D|0105561177671;THDA0000000021;18|-|2025-03-10|10|01
-|0xD387ad5Ea23De2CaF7493992BF60866c16aE3F5D|THDA0000000021|2025-02-25|KAVALON|-|01|F|Xspring_Digital|F|T|1123A0096|0105561177671|0xD387ad5Ea23De2CaF7493992BF60866c16aE3F5D|0105561177671;THDA0000000021;18|-|2025-03-10|10|01
-|0xD387ad5Ea23De2CaF7493992BF60866c16aE3F5D|THDA0000000021|2025-02-25|KAVALON|-|01|F|Xspring_Digital|F|T|112501061|0105561177671|0xD387ad5Ea23De2CaF7493992BF60866c16aE3F5D|0105561177671;THDA0000000021;18|-|2025-03-10|10|01
-|0xD387ad5Ea23De2CaF7493992BF60866c16aE3F5D|THDA0000000021|2025-02-25|KAVALON|-|01|F|Xspring_Digital|F|T|1123A0099|0105561177671|0xD387ad5Ea23De2CaF7493992BF60866c16aE3F5D|0105561177671;THDA0000000021;18|-|2025-03-10|10|01
-|0xD387ad5Ea23De2CaF7493992BF60866c16aE3F5D|THDA0000000021|2025-02-25|KAVALON|-|01|F|Xspring_Digital|F|T|112520643|0105561177671|0xD387ad5Ea23De2CaF7493992BF60866c16aE3F5D|0105561177671;THDA0000000021;18|-|2025-03-10|10|01
-|0xD387ad5Ea23De2CaF7493992BF60866c16aE3F5D|THDA0000000021|2025-02-25|KAVALON|-|01|F|Xspring_Digital|F|T|112520661|0105561177671|0xD387ad5Ea23De2CaF7493992BF60866c16aE3F5D|0105561177671;THDA0000000021;18|-|2025-03-10|10|01
-|0xD387ad5Ea23De2CaF7493992BF60866c16aE3F5D|THDA0000000021|2025-02-25|KAVALON|-|01|F|Xspring_Digital|F|T|112501108|0105561177671|0xD387ad5Ea23De2CaF7493992BF60866c16aE3F5D|0105561177671;THDA0000000021;18|-|2025-03-10|10|01
-|0xD387ad5Ea23De2CaF7493992BF60866c16aE3F5D|THDA0000000021|2025-02-25|KAVALON|-|01|F|Xspring_Digital|F|T|112501220|0105561177671|0xD387ad5Ea23De2CaF7493992BF60866c16aE3F5D|0105561177671;THDA0000000021;18|-|2025-03-10|10|01
-|0xD387ad5Ea23De2CaF7493992BF60866c16aE3F5D|THDA0000000021|2025-02-25|KAVALON|-|01|F|Xspring_Digital|F|T|112401104|0105561177671|0xD387ad5Ea23De2CaF7493992BF60866c16aE3F5D|0105561177671;THDA0000000021;18|-|2025-03-10|10|01
-|0xD387ad5Ea23De2CaF7493992BF60866c16aE3F5D|THDA0000000021|2025-02-25|KAVALON|-|01|F|Xspring_Digital|F|T|112501156|0105561177671|0xD387ad5Ea23De2CaF7493992BF60866c16aE3F5D|0105561177671;THDA0000000021;18|-|2025-03-10|10|01
-|0xD387ad5Ea23De2CaF7493992BF60866c16aE3F5D|THDA0000000021|2025-02-25|KAVALON|-|01|F|Xspring_Digital|F|T|112501067|0105561177671|0xD387ad5Ea23De2CaF7493992BF60866c16aE3F5D|0105561177671;THDA0000000021;18|-|2025-03-10|10|01
-|0xD387ad5Ea23De2CaF7493992BF60866c16aE3F5D|THDA0000000021|2025-02-25|KAVALON|-|01|F|Xspring_Digital|F|T|112501117|0105561177671|0xD387ad5Ea23De2CaF7493992BF60866c16aE3F5D|0105561177671;THDA0000000021;18|-|2025-03-10|10|01
-|0xD387ad5Ea23De2CaF7493992BF60866c16aE3F5D|THDA0000000021|2025-02-25|KAVALON|-|01|F|Xspring_Digital|F|T|112520610|0105561177671|0xD387ad5Ea23De2CaF7493992BF60866c16aE3F5D|0105561177671;THDA0000000021;18|-|2025-03-10|10|01
-|0xD387ad5Ea23De2CaF7493992BF60866c16aE3F5D|THDA0000000021|2025-02-25|KAVALON|-|01|F|Xspring_Digital|F|T|112501047|0105561177671|0xD387ad5Ea23De2CaF7493992BF60866c16aE3F5D|0105561177671;THDA0000000021;18|-|2025-03-10|10|01
-|0xD387ad5Ea23De2CaF7493992BF60866c16aE3F5D|THDA0000000021|2025-02-25|KAVALON|-|01|F|Xspring_Digital|F|T|112501018|0105561177671|0xD387ad5Ea23De2CaF7493992BF60866c16aE3F5D|0105561177671;THDA0000000021;18|-|2025-03-10|10|01
-|0xD387ad5Ea23De2CaF7493992BF60866c16aE3F5D|THDA0000000021|2025-02-25|KAVALON|-|01|F|Xspring_Digital|F|T|112501034|0105561177671|0xD387ad5Ea23De2CaF7493992BF60866c16aE3F5D|0105561177671;THDA0000000021;18|-|2025-03-10|10|01
-|0xD387ad5Ea23De2CaF7493992BF60866c16aE3F5D|THDA0000000021|2025-02-25|KAVALON|-|01|F|Xspring_Digital|F|T|112501031|0105561177671|0xD387ad5Ea23De2CaF7493992BF60866c16aE3F5D|0105561177671;THDA0000000021;18|-|2025-03-10|10|01
-|0xD387ad5Ea23De2CaF7493992BF60866c16aE3F5D|THDA0000000021|2025-02-25|KAVALON|-|01|F|Xspring_Digital|F|T|112501032|0105561177671|0xD387ad5Ea23De2CaF7493992BF60866c16aE3F5D|0105561177671;THDA0000000021;18|-|2025-03-10|10|01
-|0xD387ad5Ea23De2CaF7493992BF60866c16aE3F5D|THDA0000000021|2025-02-25|KAVALON|-|01|F|Xspring_Digital|F|T|112501035|0105561177671|0xD387ad5Ea23De2CaF7493992BF60866c16aE3F5D|0105561177671;THDA0000000021;18|-|2025-03-10|10|01
-|0xD387ad5Ea23De2CaF7493992BF60866c16aE3F5D|THDA0000000021|2025-02-25|KAVALON|-|01|F|Xspring_Digital|F|T|112501042|0105561177671|0xD387ad5Ea23De2CaF7493992BF60866c16aE3F5D|0105561177671;THDA0000000021;18|-|2025-03-10|10|01
-|0xD387ad5Ea23De2CaF7493992BF60866c16aE3F5D|THDA0000000021|2025-02-25|KAVALON|-|01|F|Xspring_Digital|F|T|112501057|0105561177671|0xD387ad5Ea23De2CaF7493992BF60866c16aE3F5D|0105561177671;THDA0000000021;18|-|2025-03-10|10|01
-|0xD387ad5Ea23De2CaF7493992BF60866c16aE3F5D|THDA0000000021|2025-02-25|KAVALON|-|01|F|Xspring_Digital|F|T|112501119|0105561177671|0xD387ad5Ea23De2CaF7493992BF60866c16aE3F5D|0105561177671;THDA0000000021;18|-|2025-03-10|10|01
-|0xD387ad5Ea23De2CaF7493992BF60866c16aE3F5D|THDA0000000021|2025-02-25|KAVALON|-|01|F|Xspring_Digital|F|T|112501023|0105561177671|0xD387ad5Ea23De2CaF7493992BF60866c16aE3F5D|0105561177671;THDA0000000021;18|-|2025-03-10|10|01
-|0xD387ad5Ea23De2CaF7493992BF60866c16aE3F5D|THDA0000000021|2025-02-25|KAVALON|-|01|F|Xspring_Digital|F|T|112520606|0105561177671|0xD387ad5Ea23De2CaF7493992BF60866c16aE3F5D|0105561177671;THDA0000000021;18|-|2025-03-10|10|01
-|0xD387ad5Ea23De2CaF7493992BF60866c16aE3F5D|THDA0000000021|2025-02-25|KAVALON|-|01|F|Xspring_Digital|F|T|112520648|0105561177671|0xD387ad5Ea23De2CaF7493992BF60866c16aE3F5D|0105561177671;THDA0000000021;18|-|2025-03-10|10|01
-|0xD387ad5Ea23De2CaF7493992BF60866c16aE3F5D|THDA0000000021|2025-02-25|KAVALON|-|01|F|Xspring_Digital|F|T|112520657|0105561177671|0xD387ad5Ea23De2CaF7493992BF60866c16aE3F5D|0105561177671;THDA0000000021;18|-|2025-03-10|10|01
-|0xD387ad5Ea23De2CaF7493992BF60866c16aE3F5D|THDA0000000021|2025-02-25|KAVALON|-|01|F|Xspring_Digital|F|T|112501114|0105561177671|0xD387ad5Ea23De2CaF7493992BF60866c16aE3F5D|0105561177671;THDA0000000021;18|-|2025-03-10|10|01
-|0xD387ad5Ea23De2CaF7493992BF60866c16aE3F5D|THDA0000000021|2025-02-25|KAVALON|-|01|F|Xspring_Digital|F|T|112501089|0105561177671|0xD387ad5Ea23De2CaF7493992BF60866c16aE3F5D|0105561177671;THDA0000000021;18|-|2025-03-10|10|01
-|0xD387ad5Ea23De2CaF7493992BF60866c16aE3F5D|THDA0000000021|2025-02-25|KAVALON|-|01|F|Xspring_Digital|F|T|112501217|0105561177671|0xD387ad5Ea23De2CaF7493992BF60866c16aE3F5D|0105561177671;THDA0000000021;18|-|2025-03-10|10|01
-|0xD387ad5Ea23De2CaF7493992BF60866c16aE3F5D|THDA0000000021|2025-02-25|KAVALON|-|01|F|Xspring_Digital|F|T|112520642|0105561177671|0xD387ad5Ea23De2CaF7493992BF60866c16aE3F5D|0105561177671;THDA0000000021;18|-|2025-03-10|10|01
-|0xD387ad5Ea23De2CaF7493992BF60866c16aE3F5D|THDA0000000021|2025-02-25|KAVALON|-|01|F|Xspring_Digital|F|T|112501178|0105561177671|0xD387ad5Ea23De2CaF7493992BF60866c16aE3F5D|0105561177671;THDA0000000021;18|-|2025-03-10|10|01
-|0xD387ad5Ea23De2CaF7493992BF60866c16aE3F5D|THDA0000000021|2025-02-25|KAVALON|-|01|F|Xspring_Digital|F|T|112520631|0105561177671|0xD387ad5Ea23De2CaF7493992BF60866c16aE3F5D|0105561177671;THDA0000000021;18|-|2025-03-10|10|01
-|0xD387ad5Ea23De2CaF7493992BF60866c16aE3F5D|THDA0000000021|2025-02-25|KAVALON|-|01|F|Xspring_Digital|F|T|112501094|0105561177671|0xD387ad5Ea23De2CaF7493992BF60866c16aE3F5D|0105561177671;THDA0000000021;18|-|2025-03-10|10|01
-|0xD387ad5Ea23De2CaF7493992BF60866c16aE3F5D|THDA0000000021|2025-02-25|KAVALON|-|01|F|Xspring_Digital|F|T|1124A0425|0105561177671|0xD387ad5Ea23De2CaF7493992BF60866c16aE3F5D|0105561177671;THDA0000000021;18|-|2025-03-10|10|01
-|0xD387ad5Ea23De2CaF7493992BF60866c16aE3F5D|THDA0000000021|2025-02-25|KAVALON|-|01|F|Xspring_Digital|F|T|112501093|0105561177671|0xD387ad5Ea23De2CaF7493992BF60866c16aE3F5D|0105561177671;THDA0000000021;18|-|2025-03-10|10|01
-|0xD387ad5Ea23De2CaF7493992BF60866c16aE3F5D|THDA0000000021|2025-02-25|KAVALON|-|01|F|Xspring_Digital|F|T|112520652|0105561177671|0xD387ad5Ea23De2CaF7493992BF60866c16aE3F5D|0105561177671;THDA0000000021;18|-|2025-03-10|10|01
-|0xD387ad5Ea23De2CaF7493992BF60866c16aE3F5D|THDA0000000021|2025-02-25|KAVALON|-|01|F|Xspring_Digital|F|T|112501078|0105561177671|0xD387ad5Ea23De2CaF7493992BF60866c16aE3F5D|0105561177671;THDA0000000021;18|-|2025-03-10|10|01
-|0xD387ad5Ea23De2CaF7493992BF60866c16aE3F5D|THDA0000000021|2025-02-25|KAVALON|-|01|F|Xspring_Digital|F|T|112501095|0105561177671|0xD387ad5Ea23De2CaF7493992BF60866c16aE3F5D|0105561177671;THDA0000000021;18|-|2025-03-10|10|01
-|0xD387ad5Ea23De2CaF7493992BF60866c16aE3F5D|THDA0000000021|2025-02-25|KAVALON|-|01|F|Xspring_Digital|F|T|112520637|0105561177671|0xD387ad5Ea23De2CaF7493992BF60866c16aE3F5D|0105561177671;THDA0000000021;18|-|2025-03-10|10|01
-|0xD387ad5Ea23De2CaF7493992BF60866c16aE3F5D|THDA0000000021|2025-02-25|KAVALON|-|01|F|Xspring_Digital|F|T|112501101|0105561177671|0xD387ad5Ea23De2CaF7493992BF60866c16aE3F5D|0105561177671;THDA0000000021;18|-|2025-03-10|10|01
-|0xD387ad5Ea23De2CaF7493992BF60866c16aE3F5D|THDA0000000021|2025-02-25|KAVALON|-|01|F|Xspring_Digital|F|T|112501214|0105561177671|0xD387ad5Ea23De2CaF7493992BF60866c16aE3F5D|0105561177671;THDA0000000021;18|-|2025-03-10|10|01
-|0xD387ad5Ea23De2CaF7493992BF60866c16aE3F5D|THDA0000000021|2025-02-25|KAVALON|-|01|F|Xspring_Digital|F|T|112501010|0105561177671|0xD387ad5Ea23De2CaF7493992BF60866c16aE3F5D|0105561177671;THDA0000000021;18|-|2025-03-10|10|01
-|0xD387ad5Ea23De2CaF7493992BF60866c16aE3F5D|THDA0000000021|2025-02-25|KAVALON|-|01|F|Xspring_Digital|F|T|112501074|0105561177671|0xD387ad5Ea23De2CaF7493992BF60866c16aE3F5D|0105561177671;THDA0000000021;18|-|2025-03-10|10|01
-|0xD387ad5Ea23De2CaF7493992BF60866c16aE3F5D|THDA0000000021|2025-02-25|KAVALON|-|01|F|Xspring_Digital|F|T|112501036|0105561177671|0xD387ad5Ea23De2CaF7493992BF60866c16aE3F5D|0105561177671;THDA0000000021;18|-|2025-03-10|10|01
-|0xD387ad5Ea23De2CaF7493992BF60866c16aE3F5D|THDA0000000021|2025-02-25|KAVALON|-|01|F|Xspring_Digital|F|T|112501091|0105561177671|0xD387ad5Ea23De2CaF7493992BF60866c16aE3F5D|0105561177671;THDA0000000021;18|-|2025-03-10|10|01
-|0xD387ad5Ea23De2CaF7493992BF60866c16aE3F5D|THDA0000000021|2025-02-25|KAVALON|-|01|F|Xspring_Digital|F|T|112520659|0105561177671|0xD387ad5Ea23De2CaF7493992BF60866c16aE3F5D|0105561177671;THDA0000000021;18|-|2025-03-10|10|01
-|0xD387ad5Ea23De2CaF7493992BF60866c16aE3F5D|THDA0000000021|2025-02-25|KAVALON|-|01|F|Xspring_Digital|F|T|112520662|0105561177671|0xD387ad5Ea23De2CaF7493992BF60866c16aE3F5D|0105561177671;THDA0000000021;18|-|2025-03-10|10|01
-|0xD387ad5Ea23De2CaF7493992BF60866c16aE3F5D|THDA0000000021|2025-02-25|KAVALON|-|01|F|Xspring_Digital|F|T|1123A0400|0105561177671|0xD387ad5Ea23De2CaF7493992BF60866c16aE3F5D|0105561177671;THDA0000000021;18|-|2025-03-10|10|01
-|0xD387ad5Ea23De2CaF7493992BF60866c16aE3F5D|THDA0000000021|2025-02-25|KAVALON|-|01|F|Xspring_Digital|F|T|112520641|0105561177671|0xD387ad5Ea23De2CaF7493992BF60866c16aE3F5D|0105561177671;THDA0000000021;18|-|2025-03-10|10|01
-|0xD387ad5Ea23De2CaF7493992BF60866c16aE3F5D|THDA0000000021|2025-02-25|KAVALON|-|01|F|Xspring_Digital|F|T|112501116|0105561177671|0xD387ad5Ea23De2CaF7493992BF60866c16aE3F5D|0105561177671;THDA0000000021;18|-|2025-03-10|10|01
-|0xD387ad5Ea23De2CaF7493992BF60866c16aE3F5D|THDA0000000021|2025-02-25|KAVALON|-|01|F|Xspring_Digital|F|T|112520660|0105561177671|0xD387ad5Ea23De2CaF7493992BF60866c16aE3F5D|0105561177671;THDA0000000021;18|-|2025-03-10|10|01
-|0xD387ad5Ea23De2CaF7493992BF60866c16aE3F5D|THDA0000000021|2025-02-25|KAVALON|-|01|F|Xspring_Digital|F|T|112501043|0105561177671|0xD387ad5Ea23De2CaF7493992BF60866c16aE3F5D|0105561177671;THDA0000000021;18|-|2025-03-10|10|01
-|0xD387ad5Ea23De2CaF7493992BF60866c16aE3F5D|THDA0000000021|2025-02-25|KAVALON|-|01|F|Xspring_Digital|F|T|112520658|0105561177671|0xD387ad5Ea23De2CaF7493992BF60866c16aE3F5D|0105561177671;THDA0000000021;18|-|2025-03-10|10|01
-|0xD387ad5Ea23De2CaF7493992BF60866c16aE3F5D|THDA0000000021|2025-02-25|KAVALON|-|01|F|Xspring_Digital|F|T|112501161|0105561177671|0xD387ad5Ea23De2CaF7493992BF60866c16aE3F5D|0105561177671;THDA0000000021;18|-|2025-03-10|10|01
-|0xD387ad5Ea23De2CaF7493992BF60866c16aE3F5D|THDA0000000021|2025-02-25|KAVALON|-|01|F|Xspring_Digital|F|T|112501048|0105561177671|0xD387ad5Ea23De2CaF7493992BF60866c16aE3F5D|0105561177671;THDA0000000021;18|-|2025-03-10|10|01
-|0xD387ad5Ea23De2CaF7493992BF60866c16aE3F5D|THDA0000000021|2025-02-25|KAVALON|-|01|F|Xspring_Digital|F|T|112520656|0105561177671|0xD387ad5Ea23De2CaF7493992BF60866c16aE3F5D|0105561177671;THDA0000000021;18|-|2025-03-10|10|01
-|0xD387ad5Ea23De2CaF7493992BF60866c16aE3F5D|THDA0000000021|2025-02-25|KAVALON|-|01|F|Xspring_Digital|F|T|1124A0504|0105561177671|0xD387ad5Ea23De2CaF7493992BF60866c16aE3F5D|0105561177671;THDA0000000021;18|-|2025-03-10|10|01
-|0xD387ad5Ea23De2CaF7493992BF60866c16aE3F5D|THDA0000000021|2025-02-25|KAVALON|-|01|F|Xspring_Digital|F|T|112501228|0105561177671|0xD387ad5Ea23De2CaF7493992BF60866c16aE3F5D|0105561177671;THDA0000000021;18|-|2025-03-10|10|01
-|0xD387ad5Ea23De2CaF7493992BF60866c16aE3F5D|THDA0000000021|2025-02-25|KAVALON|-|01|F|Xspring_Digital|F|T|112501088|0105561177671|0xD387ad5Ea23De2CaF7493992BF60866c16aE3F5D|0105561177671;THDA0000000021;18|-|2025-03-10|10|01
-|0xD387ad5Ea23De2CaF7493992BF60866c16aE3F5D|THDA0000000021|2025-02-25|KAVALON|-|01|F|Xspring_Digital|F|T|112501224|0105561177671|0xD387ad5Ea23De2CaF7493992BF60866c16aE3F5D|0105561177671;THDA0000000021;18|-|2025-03-10|10|01
-|0xD387ad5Ea23De2CaF7493992BF60866c16aE3F5D|THDA0000000021|2025-02-25|KAVALON|-|01|F|Xspring_Digital|F|T|1124A0417|0105561177671|0xD387ad5Ea23De2CaF7493992BF60866c16aE3F5D|0105561177671;THDA0000000021;18|-|2025-03-10|10|01
-|0xD387ad5Ea23De2CaF7493992BF60866c16aE3F5D|THDA0000000021|2025-02-25|KAVALON|-|01|F|Xspring_Digital|F|T|112501216|0105561177671|0xD387ad5Ea23De2CaF7493992BF60866c16aE3F5D|0105561177671;THDA0000000021;18|-|2025-03-10|10|01
-|0xD387ad5Ea23De2CaF7493992BF60866c16aE3F5D|THDA0000000021|2025-02-25|KAVALON|-|01|F|Xspring_Digital|F|T|112501073|0105561177671|0xD387ad5Ea23De2CaF7493992BF60866c16aE3F5D|0105561177671;THDA0000000021;18|-|2025-03-10|10|01
-|0xD387ad5Ea23De2CaF7493992BF60866c16aE3F5D|THDA0000000021|2025-02-25|KAVALON|-|01|F|Xspring_Digital|F|T|112501069|0105561177671|0xD387ad5Ea23De2CaF7493992BF60866c16aE3F5D|0105561177671;THDA0000000021;18|-|2025-03-10|10|01
-|0xD387ad5Ea23De2CaF7493992BF60866c16aE3F5D|THDA0000000021|2025-02-25|KAVALON|-|01|F|Xspring_Digital|F|T|112501077|0105561177671|0xD387ad5Ea23De2CaF7493992BF60866c16aE3F5D|0105561177671;THDA0000000021;18|-|2025-03-10|10|01
-|0xD387ad5Ea23De2CaF7493992BF60866c16aE3F5D|THDA0000000021|2025-02-25|KAVALON|-|01|F|Xspring_Digital|F|T|112501157|0105561177671|0xD387ad5Ea23De2CaF7493992BF60866c16aE3F5D|0105561177671;THDA0000000021;18|-|2025-03-10|10|01
-|0xD387ad5Ea23De2CaF7493992BF60866c16aE3F5D|THDA0000000021|2025-02-25|KAVALON|-|01|F|Xspring_Digital|F|T|112501054|0105561177671|0xD387ad5Ea23De2CaF7493992BF60866c16aE3F5D|0105561177671;THDA0000000021;18|-|2025-03-10|10|01
-|0xD387ad5Ea23De2CaF7493992BF60866c16aE3F5D|THDA0000000021|2025-02-25|KAVALON|-|01|F|Xspring_Digital|F|T|112501110|0105561177671|0xD387ad5Ea23De2CaF7493992BF60866c16aE3F5D|0105561177671;THDA0000000021;18|-|2025-03-10|10|01
-|0xD387ad5Ea23De2CaF7493992BF60866c16aE3F5D|THDA0000000021|2025-02-25|KAVALON|-|01|F|Xspring_Digital|F|T|112501225|0105561177671|0xD387ad5Ea23De2CaF7493992BF60866c16aE3F5D|0105561177671;THDA0000000021;18|-|2025-03-10|10|01
-|0xD387ad5Ea23De2CaF7493992BF60866c16aE3F5D|THDA0000000021|2025-02-25|KAVALON|-|01|F|Xspring_Digital|F|T|112501090|0105561177671|0xD387ad5Ea23De2CaF7493992BF60866c16aE3F5D|0105561177671;THDA0000000021;18|-|2025-03-10|10|01
-|0xD387ad5Ea23De2CaF7493992BF60866c16aE3F5D|THDA0000000021|2025-02-25|KAVALON|-|01|F|Xspring_Digital|F|T|1123A0385|0105561177671|0xD387ad5Ea23De2CaF7493992BF60866c16aE3F5D|0105561177671;THDA0000000021;18|-|2025-03-10|10|01
-|0xD387ad5Ea23De2CaF7493992BF60866c16aE3F5D|THDA0000000021|2025-02-25|KAVALON|-|01|F|Xspring_Digital|F|T|112520633|0105561177671|0xD387ad5Ea23De2CaF7493992BF60866c16aE3F5D|0105561177671;THDA0000000021;18|-|2025-03-10|10|01
-|0xD387ad5Ea23De2CaF7493992BF60866c16aE3F5D|THDA0000000021|2025-02-25|KAVALON|-|01|F|Xspring_Digital|F|T|112520649|0105561177671|0xD387ad5Ea23De2CaF7493992BF60866c16aE3F5D|0105561177671;THDA0000000021;18|-|2025-03-10|10|01
-|0xD387ad5Ea23De2CaF7493992BF60866c16aE3F5D|THDA0000000021|2025-02-25|KAVALON|-|01|F|Xspring_Digital|F|T|112501104|0105561177671|0xD387ad5Ea23De2CaF7493992BF60866c16aE3F5D|0105561177671;THDA0000000021;18|-|2025-03-10|10|01
-|0xD387ad5Ea23De2CaF7493992BF60866c16aE3F5D|THDA0000000021|2025-02-25|KAVALON|-|01|F|Xspring_Digital|F|T|112501064|0105561177671|0xD387ad5Ea23De2CaF7493992BF60866c16aE3F5D|0105561177671;THDA0000000021;18|-|2025-03-10|10|01
-|0xD387ad5Ea23De2CaF7493992BF60866c16aE3F5D|THDA0000000021|2025-02-25|KAVALON|-|01|F|Xspring_Digital|F|T|1124A0106|0105561177671|0xD387ad5Ea23De2CaF7493992BF60866c16aE3F5D|0105561177671;THDA0000000021;18|-|2025-03-10|10|01
-|0xD387ad5Ea23De2CaF7493992BF60866c16aE3F5D|THDA0000000021|2025-02-25|KAVALON|-|01|F|Xspring_Digital|F|T|112501096|0105561177671|0xD387ad5Ea23De2CaF7493992BF60866c16aE3F5D|0105561177671;THDA0000000021;18|-|2025-03-10|10|01
-|0xD387ad5Ea23De2CaF7493992BF60866c16aE3F5D|THDA0000000021|2025-02-25|KAVALON|-|01|F|Xspring_Digital|F|T|112501011|0105561177671|0xD387ad5Ea23De2CaF7493992BF60866c16aE3F5D|0105561177671;THDA0000000021;18|-|2025-03-10|10|01
-|0xD387ad5Ea23De2CaF7493992BF60866c16aE3F5D|THDA0000000021|2025-02-25|KAVALON|-|01|F|Xspring_Digital|F|T|112520627|0105561177671|0xD387ad5Ea23De2CaF7493992BF60866c16aE3F5D|0105561177671;THDA0000000021;18|-|2025-03-10|10|01
-|0xD387ad5Ea23De2CaF7493992BF60866c16aE3F5D|THDA0000000021|2025-02-25|KAVALON|-|01|F|Xspring_Digital|F|T|112501058|0105561177671|0xD387ad5Ea23De2CaF7493992BF60866c16aE3F5D|0105561177671;THDA0000000021;18|-|2025-03-10|10|01
-|0xD387ad5Ea23De2CaF7493992BF60866c16aE3F5D|THDA0000000021|2025-02-25|KAVALON|-|01|F|Xspring_Digital|F|T|1120A0038|0105561177671|0xD387ad5Ea23De2CaF7493992BF60866c16aE3F5D|0105561177671;THDA0000000021;18|-|2025-03-10|10|01
-|0xD387ad5Ea23De2CaF7493992BF60866c16aE3F5D|THDA0000000021|2025-02-25|KAVALON|-|01|F|Xspring_Digital|F|T|112520647|0105561177671|0xD387ad5Ea23De2CaF7493992BF60866c16aE3F5D|0105561177671;THDA0000000021;18|-|2025-03-10|10|01
-|0xD387ad5Ea23De2CaF7493992BF60866c16aE3F5D|THDA0000000021|2025-02-25|KAVALON|-|01|F|Xspring_Digital|F|T|112501075|0105561177671|0xD387ad5Ea23De2CaF7493992BF60866c16aE3F5D|0105561177671;THDA0000000021;18|-|2025-03-10|10|01
-|0xD387ad5Ea23De2CaF7493992BF60866c16aE3F5D|THDA0000000021|2025-02-25|KAVALON|-|01|F|Xspring_Digital|F|T|112501221|0105561177671|0xD387ad5Ea23De2CaF7493992BF60866c16aE3F5D|0105561177671;THDA0000000021;18|-|2025-03-10|10|01
-|0xD387ad5Ea23De2CaF7493992BF60866c16aE3F5D|THDA0000000021|2025-02-25|KAVALON|-|01|F|Xspring_Digital|F|T|112501065|0105561177671|0xD387ad5Ea23De2CaF7493992BF60866c16aE3F5D|0105561177671;THDA0000000021;18|-|2025-03-10|10|01
-|0xD387ad5Ea23De2CaF7493992BF60866c16aE3F5D|THDA0000000021|2025-02-25|KAVALON|-|01|F|Xspring_Digital|F|T|112501015|0105561177671|0xD387ad5Ea23De2CaF7493992BF60866c16aE3F5D|0105561177671;THDA0000000021;18|-|2025-03-10|10|01
-|0xD387ad5Ea23De2CaF7493992BF60866c16aE3F5D|THDA0000000021|2025-02-25|KAVALON|-|01|F|Xspring_Digital|F|T|1122A0027|0105561177671|0xD387ad5Ea23De2CaF7493992BF60866c16aE3F5D|0105561177671;THDA0000000021;18|-|2025-03-10|10|01
-|0xD387ad5Ea23De2CaF7493992BF60866c16aE3F5D|THDA0000000021|2025-02-25|KAVALON|-|01|F|Xspring_Digital|F|T|112501072|0105561177671|0xD387ad5Ea23De2CaF7493992BF60866c16aE3F5D|0105561177671;THDA0000000021;18|-|2025-03-10|10|01
-|0xD387ad5Ea23De2CaF7493992BF60866c16aE3F5D|THDA0000000021|2025-02-25|KAVALON|-|01|F|Xspring_Digital|F|T|112520632|0105561177671|0xD387ad5Ea23De2CaF7493992BF60866c16aE3F5D|0105561177671;THDA0000000021;18|-|2025-03-10|10|01
-|0xD387ad5Ea23De2CaF7493992BF60866c16aE3F5D|THDA0000000021|2025-02-25|KAVALON|-|01|F|Xspring_Digital|F|T|112520650|0105561177671|0xD387ad5Ea23De2CaF7493992BF60866c16aE3F5D|0105561177671;THDA0000000021;18|-|2025-03-10|10|01
-|0xD387ad5Ea23De2CaF7493992BF60866c16aE3F5D|THDA0000000021|2025-02-25|KAVALON|-|01|F|Xspring_Digital|F|T|112501052|0105561177671|0xD387ad5Ea23De2CaF7493992BF60866c16aE3F5D|0105561177671;THDA0000000021;18|-|2025-03-10|10|01
-|0xD387ad5Ea23De2CaF7493992BF60866c16aE3F5D|THDA0000000021|2025-02-25|KAVALON|-|01|F|Xspring_Digital|F|T|112501024|0105561177671|0xD387ad5Ea23De2CaF7493992BF60866c16aE3F5D|0105561177671;THDA0000000021;18|-|2025-03-10|10|01
-|0xD387ad5Ea23De2CaF7493992BF60866c16aE3F5D|THDA0000000021|2025-02-25|KAVALON|-|01|F|Xspring_Digital|F|T|112501006|0105561177671|0xD387ad5Ea23De2CaF7493992BF60866c16aE3F5D|0105561177671;THDA0000000021;18|-|2025-03-10|10|01
-|0xD387ad5Ea23De2CaF7493992BF60866c16aE3F5D|THDA0000000021|2025-02-25|KAVALON|-|01|F|Xspring_Digital|F|T|112520645|0105561177671|0xD387ad5Ea23De2CaF7493992BF60866c16aE3F5D|0105561177671;THDA0000000021;18|-|2025-03-10|10|01
-|0xD387ad5Ea23De2CaF7493992BF60866c16aE3F5D|THDA0000000021|2025-02-25|KAVALON|-|01|F|Xspring_Digital|F|T|1124A0397|0105561177671|0xD387ad5Ea23De2CaF7493992BF60866c16aE3F5D|0105561177671;THDA0000000021;18|-|2025-03-10|10|01
-|0xD387ad5Ea23De2CaF7493992BF60866c16aE3F5D|THDA0000000021|2025-02-25|KAVALON|-|01|F|Xspring_Digital|F|T|112501226|0105561177671|0xD387ad5Ea23De2CaF7493992BF60866c16aE3F5D|0105561177671;THDA0000000021;18|-|2025-03-10|10|01
-|0xD387ad5Ea23De2CaF7493992BF60866c16aE3F5D|THDA0000000021|2025-02-25|KAVALON|-|01|F|Xspring_Digital|F|T|112501033|0105561177671|0xD387ad5Ea23De2CaF7493992BF60866c16aE3F5D|0105561177671;THDA0000000021;18|-|2025-03-10|10|01
-|0xD387ad5Ea23De2CaF7493992BF60866c16aE3F5D|THDA0000000021|2025-02-25|KAVALON|-|01|F|Xspring_Digital|F|T|112501162|0105561177671|0xD387ad5Ea23De2CaF7493992BF60866c16aE3F5D|0105561177671;THDA0000000021;18|-|2025-03-10|10|01
-|0xD387ad5Ea23De2CaF7493992BF60866c16aE3F5D|THDA0000000021|2025-02-25|KAVALON|-|01|F|Xspring_Digital|F|T|1122A0215|0105561177671|0xD387ad5Ea23De2CaF7493992BF60866c16aE3F5D|0105561177671;THDA0000000021;18|-|2025-03-10|10|01
-|0xD387ad5Ea23De2CaF7493992BF60866c16aE3F5D|THDA0000000021|2025-02-25|KAVALON|-|01|F|Xspring_Digital|F|T|112501188|0105561177671|0xD387ad5Ea23De2CaF7493992BF60866c16aE3F5D|0105561177671;THDA0000000021;18|-|2025-03-10|10|01
-|0xD387ad5Ea23De2CaF7493992BF60866c16aE3F5D|THDA0000000021|2025-02-25|KAVALON|-|01|F|Xspring_Digital|F|T|112501173|0105561177671|0xD387ad5Ea23De2CaF7493992BF60866c16aE3F5D|0105561177671;THDA0000000021;18|-|2025-03-10|10|01
-|0xD387ad5Ea23De2CaF7493992BF60866c16aE3F5D|THDA0000000021|2025-02-25|KAVALON|-|01|F|Xspring_Digital|F|T|1124A0480|0105561177671|0xD387ad5Ea23De2CaF7493992BF60866c16aE3F5D|0105561177671;THDA0000000021;18|-|2025-03-10|10|01
-|0xD387ad5Ea23De2CaF7493992BF60866c16aE3F5D|THDA0000000021|2025-02-25|KAVALON|-|01|F|Xspring_Digital|F|T|112520640|0105561177671|0xD387ad5Ea23De2CaF7493992BF60866c16aE3F5D|0105561177671;THDA0000000021;18|-|2025-03-10|10|01
-|0xD387ad5Ea23De2CaF7493992BF60866c16aE3F5D|THDA0000000021|2025-02-25|KAVALON|-|01|F|Xspring_Digital|F|T|112501099|0105561177671|0xD387ad5Ea23De2CaF7493992BF60866c16aE3F5D|0105561177671;THDA0000000021;18|-|2025-03-10|10|01
-|0xD387ad5Ea23De2CaF7493992BF60866c16aE3F5D|THDA0000000021|2025-02-25|KAVALON|-|01|F|Xspring_Digital|F|T|112501028|0105561177671|0xD387ad5Ea23De2CaF7493992BF60866c16aE3F5D|0105561177671;THDA0000000021;18|-|2025-03-10|10|01
-|0xD387ad5Ea23De2CaF7493992BF60866c16aE3F5D|THDA0000000021|2025-02-25|KAVALON|-|01|F|Xspring_Digital|F|T|112520603|0105561177671|0xD387ad5Ea23De2CaF7493992BF60866c16aE3F5D|0105561177671;THDA0000000021;18|-|2025-03-10|10|01
-|0xD387ad5Ea23De2CaF7493992BF60866c16aE3F5D|THDA0000000021|2025-02-25|KAVALON|-|01|F|Xspring_Digital|F|T|112501155|0105561177671|0xD387ad5Ea23De2CaF7493992BF60866c16aE3F5D|0105561177671;THDA0000000021;18|-|2025-03-10|10|01
-|0xD387ad5Ea23De2CaF7493992BF60866c16aE3F5D|THDA0000000021|2025-02-25|KAVALON|-|01|F|Xspring_Digital|F|T|112501098|0105561177671|0xD387ad5Ea23De2CaF7493992BF60866c16aE3F5D|0105561177671;THDA0000000021;18|-|2025-03-10|10|01
-|0xD387ad5Ea23De2CaF7493992BF60866c16aE3F5D|THDA0000000021|2025-02-25|KAVALON|-|01|F|Xspring_Digital|F|T|112501066|0105561177671|0xD387ad5Ea23De2CaF7493992BF60866c16aE3F5D|0105561177671;THDA0000000021;18|-|2025-03-10|10|01
-|0xD387ad5Ea23De2CaF7493992BF60866c16aE3F5D|THDA0000000021|2025-02-25|KAVALON|-|01|F|Xspring_Digital|F|T|112501175|0105561177671|0xD387ad5Ea23De2CaF7493992BF60866c16aE3F5D|0105561177671;THDA0000000021;18|-|2025-03-10|10|01
-|0xD387ad5Ea23De2CaF7493992BF60866c16aE3F5D|THDA0000000021|2025-02-25|KAVALON|-|01|F|Xspring_Digital|F|T|112501097|0105561177671|0xD387ad5Ea23De2CaF7493992BF60866c16aE3F5D|0105561177671;THDA0000000021;18|-|2025-03-10|10|01
-|0xD387ad5Ea23De2CaF7493992BF60866c16aE3F5D|THDA0000000021|2025-02-25|KAVALON|-|01|F|Xspring_Digital|F|T|1122A0218|0105561177671|0xD387ad5Ea23De2CaF7493992BF60866c16aE3F5D|0105561177671;THDA0000000021;18|-|2025-03-10|10|01
-|0xD387ad5Ea23De2CaF7493992BF60866c16aE3F5D|THDA0000000021|2025-02-25|KAVALON|-|01|F|Xspring_Digital|F|T|112520628|0105561177671|0xD387ad5Ea23De2CaF7493992BF60866c16aE3F5D|0105561177671;THDA0000000021;18|-|2025-03-10|10|01
-|0xD387ad5Ea23De2CaF7493992BF60866c16aE3F5D|THDA0000000021|2025-02-25|KAVALON|-|01|F|Xspring_Digital|F|T|1124A0443|0105561177671|0xD387ad5Ea23De2CaF7493992BF60866c16aE3F5D|0105561177671;THDA0000000021;18|-|2025-03-10|10|01
-|0xD387ad5Ea23De2CaF7493992BF60866c16aE3F5D|THDA0000000021|2025-02-25|KAVALON|-|01|F|Xspring_Digital|F|T|112501092|0105561177671|0xD387ad5Ea23De2CaF7493992BF60866c16aE3F5D|0105561177671;THDA0000000021;18|-|2025-03-10|10|01
-|0xD387ad5Ea23De2CaF7493992BF60866c16aE3F5D|THDA0000000021|2025-02-25|KAVALON|-|01|F|Xspring_Digital|F|T|112520634|0105561177671|0xD387ad5Ea23De2CaF7493992BF60866c16aE3F5D|0105561177671;THDA0000000021;18|-|2025-03-10|10|01
-|0xD387ad5Ea23De2CaF7493992BF60866c16aE3F5D|THDA0000000021|2025-02-25|KAVALON|-|01|F|Xspring_Digital|F|T|112501218|0105561177671|0xD387ad5Ea23De2CaF7493992BF60866c16aE3F5D|0105561177671;THDA0000000021;18|-|2025-03-10|10|01
-|0xD387ad5Ea23De2CaF7493992BF60866c16aE3F5D|THDA0000000021|2025-02-25|KAVALON|-|01|F|Xspring_Digital|F|T|112501009|0105561177671|0xD387ad5Ea23De2CaF7493992BF60866c16aE3F5D|0105561177671;THDA0000000021;18|-|2025-03-10|10|01
-|0xD387ad5Ea23De2CaF7493992BF60866c16aE3F5D|THDA0000000021|2025-02-25|KAVALON|-|01|F|Xspring_Digital|F|T|112501068|0105561177671|0xD387ad5Ea23De2CaF7493992BF60866c16aE3F5D|0105561177671;THDA0000000021;18|-|2025-03-10|10|01
-|0xD387ad5Ea23De2CaF7493992BF60866c16aE3F5D|THDA0000000021|2025-02-25|KAVALON|-|01|F|Xspring_Digital|F|T|1124A0471|0105561177671|0xD387ad5Ea23De2CaF7493992BF60866c16aE3F5D|0105561177671;THDA0000000021;18|-|2025-03-10|10|01
-|0xD387ad5Ea23De2CaF7493992BF60866c16aE3F5D|THDA0000000021|2025-02-25|KAVALON|-|01|F|Xspring_Digital|F|T|112501004|0105561177671|0xD387ad5Ea23De2CaF7493992BF60866c16aE3F5D|0105561177671;THDA0000000021;18|-|2025-03-10|10|01
-|0xD387ad5Ea23De2CaF7493992BF60866c16aE3F5D|THDA0000000021|2025-02-25|KAVALON|-|01|F|Xspring_Digital|F|T|112501022|0105561177671|0xD387ad5Ea23De2CaF7493992BF60866c16aE3F5D|0105561177671;THDA0000000021;18|-|2025-03-10|10|01
-|0xD387ad5Ea23De2CaF7493992BF60866c16aE3F5D|THDA0000000021|2025-02-25|KAVALON|-|01|F|Xspring_Digital|F|T|112501105|0105561177671|0xD387ad5Ea23De2CaF7493992BF60866c16aE3F5D|0105561177671;THDA0000000021;18|-|2025-03-10|10|01
-|0xD387ad5Ea23De2CaF7493992BF60866c16aE3F5D|THDA0000000021|2025-02-25|KAVALON|-|01|F|Xspring_Digital|F|T|112520653|0105561177671|0xD387ad5Ea23De2CaF7493992BF60866c16aE3F5D|0105561177671;THDA0000000021;18|-|2025-03-10|10|01
-|0xD387ad5Ea23De2CaF7493992BF60866c16aE3F5D|THDA0000000021|2025-02-25|KAVALON|-|01|F|Xspring_Digital|F|T|112501185|0105561177671|0xD387ad5Ea23De2CaF7493992BF60866c16aE3F5D|0105561177671;THDA0000000021;18|-|2025-03-10|10|01
-|0xD387ad5Ea23De2CaF7493992BF60866c16aE3F5D|THDA0000000021|2025-02-25|KAVALON|-|01|F|Xspring_Digital|F|T|112501115|0105561177671|0xD387ad5Ea23De2CaF7493992BF60866c16aE3F5D|0105561177671;THDA0000000021;18|-|2025-03-10|10|01
-|0xD387ad5Ea23De2CaF7493992BF60866c16aE3F5D|THDA0000000021|2025-02-25|KAVALON|-|01|F|Xspring_Digital|F|T|112501026|0105561177671|0xD387ad5Ea23De2CaF7493992BF60866c16aE3F5D|0105561177671;THDA0000000021;18|-|2025-03-10|10|01
-|0xD387ad5Ea23De2CaF7493992BF60866c16aE3F5D|THDA0000000021|2025-02-25|KAVALON|-|01|F|Xspring_Digital|F|T|112501152|0105561177671|0xD387ad5Ea23De2CaF7493992BF60866c16aE3F5D|0105561177671;THDA0000000021;18|-|2025-03-10|10|01
-|0xD387ad5Ea23De2CaF7493992BF60866c16aE3F5D|THDA0000000021|2025-02-25|KAVALON|-|01|F|Xspring_Digital|F|T|112501003|0105561177671|0xD387ad5Ea23De2CaF7493992BF60866c16aE3F5D|0105561177671;THDA0000000021;18|-|2025-03-10|10|01
-|0xD387ad5Ea23De2CaF7493992BF60866c16aE3F5D|THDA0000000021|2025-02-25|KAVALON|-|01|F|Xspring_Digital|F|T|112520673|0105561177671|0xD387ad5Ea23De2CaF7493992BF60866c16aE3F5D|0105561177671;THDA0000000021;18|-|2025-03-10|10|01
-|0xD387ad5Ea23De2CaF7493992BF60866c16aE3F5D|THDA0000000021|2025-02-25|KAVALON|-|01|F|Xspring_Digital|F|T|112501163|0105561177671|0xD387ad5Ea23De2CaF7493992BF60866c16aE3F5D|0105561177671;THDA0000000021;18|-|2025-03-10|10|01
-|0xD387ad5Ea23De2CaF7493992BF60866c16aE3F5D|THDA0000000021|2025-02-25|KAVALON|-|01|F|Xspring_Digital|F|T|1122A0338|0105561177671|0xD387ad5Ea23De2CaF7493992BF60866c16aE3F5D|0105561177671;THDA0000000021;18|-|2025-03-10|10|01
-|0xD387ad5Ea23De2CaF7493992BF60866c16aE3F5D|THDA0000000021|2025-02-25|KAVALON|-|01|F|Xspring_Digital|F|T|112401027|0105561177671|0xD387ad5Ea23De2CaF7493992BF60866c16aE3F5D|0105561177671;THDA0000000021;18|-|2025-03-10|10|01
-|0xD387ad5Ea23De2CaF7493992BF60866c16aE3F5D|THDA0000000021|2025-02-25|KAVALON|-|01|F|Xspring_Digital|F|T|1124A0614|0105561177671|0xD387ad5Ea23De2CaF7493992BF60866c16aE3F5D|0105561177671;THDA0000000021;18|-|2025-03-10|10|01
-|0xD387ad5Ea23De2CaF7493992BF60866c16aE3F5D|THDA0000000021|2025-02-25|KAVALON|-|01|F|Xspring_Digital|F|T|112501166|0105561177671|0xD387ad5Ea23De2CaF7493992BF60866c16aE3F5D|0105561177671;THDA0000000021;18|-|2025-03-10|10|01
-|0xD387ad5Ea23De2CaF7493992BF60866c16aE3F5D|THDA0000000021|2025-02-25|KAVALON|-|01|F|Xspring_Digital|F|T|112501223|0105561177671|0xD387ad5Ea23De2CaF7493992BF60866c16aE3F5D|0105561177671;THDA0000000021;18|-|2025-03-10|10|01
-|0xD387ad5Ea23De2CaF7493992BF60866c16aE3F5D|THDA0000000021|2025-02-25|KAVALON|-|01|F|Xspring_Digital|F|T|112501189|0105561177671|0xD387ad5Ea23De2CaF7493992BF60866c16aE3F5D|0105561177671;THDA0000000021;18|-|2025-03-10|10|01
-|0xD387ad5Ea23De2CaF7493992BF60866c16aE3F5D|THDA0000000021|2025-02-25|KAVALON|-|01|F|Xspring_Digital|F|T|112501222|0105561177671|0xD387ad5Ea23De2CaF7493992BF60866c16aE3F5D|0105561177671;THDA0000000021;18|-|2025-03-10|10|01
-|0xD387ad5Ea23De2CaF7493992BF60866c16aE3F5D|THDA0000000021|2025-02-25|KAVALON|-|01|F|Xspring_Digital|F|T|112501164|0105561177671|0xD387ad5Ea23De2CaF7493992BF60866c16aE3F5D|0105561177671;THDA0000000021;18|-|2025-03-10|10|01
-|0xD387ad5Ea23De2CaF7493992BF60866c16aE3F5D|THDA0000000021|2025-02-25|KAVALON|-|01|F|Xspring_Digital|F|T|112520636|0105561177671|0xD387ad5Ea23De2CaF7493992BF60866c16aE3F5D|0105561177671;THDA0000000021;18|-|2025-03-10|10|01
-|0xD387ad5Ea23De2CaF7493992BF60866c16aE3F5D|THDA0000000021|2025-02-25|KAVALON|-|01|F|Xspring_Digital|F|T|112501170|0105561177671|0xD387ad5Ea23De2CaF7493992BF60866c16aE3F5D|0105561177671;THDA0000000021;18|-|2025-03-10|10|01
-|0xD387ad5Ea23De2CaF7493992BF60866c16aE3F5D|THDA0000000021|2025-02-25|KAVALON|-|01|F|Xspring_Digital|F|T|112401112|0105561177671|0xD387ad5Ea23De2CaF7493992BF60866c16aE3F5D|0105561177671;THDA0000000021;18|-|2025-03-10|10|01
-|0xD387ad5Ea23De2CaF7493992BF60866c16aE3F5D|THDA0000000021|2025-02-25|KAVALON|-|01|F|Xspring_Digital|F|T|112501118|0105561177671|0xD387ad5Ea23De2CaF7493992BF60866c16aE3F5D|0105561177671;THDA0000000021;18|-|2025-03-10|10|01
-|0xD387ad5Ea23De2CaF7493992BF60866c16aE3F5D|THDA0000000021|2025-02-25|KAVALON|-|01|F|Xspring_Digital|F|T|112501174|0105561177671|0xD387ad5Ea23De2CaF7493992BF60866c16aE3F5D|0105561177671;THDA0000000021;18|-|2025-03-10|10|01
-|0xD387ad5Ea23De2CaF7493992BF60866c16aE3F5D|THDA0000000021|2025-02-25|KAVALON|-|01|F|Xspring_Digital|F|T|112401115|0105561177671|0xD387ad5Ea23De2CaF7493992BF60866c16aE3F5D|0105561177671;THDA0000000021;18|-|2025-03-10|10|01
-|0xD387ad5Ea23De2CaF7493992BF60866c16aE3F5D|THDA0000000021|2025-02-25|KAVALON|-|01|F|Xspring_Digital|F|T|212500002|0105561177671|0xD387ad5Ea23De2CaF7493992BF60866c16aE3F5D|0105561177671;THDA0000000021;18|-|2025-03-10|10|01
-|0xD387ad5Ea23De2CaF7493992BF60866c16aE3F5D|THDA0000000021|2025-02-25|KAVALON|-|01|F|Xspring_Digital|F|T|112520655|0105561177671|0xD387ad5Ea23De2CaF7493992BF60866c16aE3F5D|0105561177671;THDA0000000021;18|-|2025-03-10|10|01
-|0xD387ad5Ea23De2CaF7493992BF60866c16aE3F5D|THDA0000000021|2025-02-25|KAVALON|-|01|F|Xspring_Digital|F|T|112501112|0105561177671|0xD387ad5Ea23De2CaF7493992BF60866c16aE3F5D|0105561177671;THDA0000000021;18|-|2025-03-10|10|01
-|0xD387ad5Ea23De2CaF7493992BF60866c16aE3F5D|THDA0000000021|2025-02-25|KAVALON|-|01|F|Xspring_Digital|F|T|112501045|0105561177671|0xD387ad5Ea23De2CaF7493992BF60866c16aE3F5D|0105561177671;THDA0000000021;18|-|2025-03-10|10|01
-|0xD387ad5Ea23De2CaF7493992BF60866c16aE3F5D|THDA0000000021|2025-02-25|KAVALON|-|01|F|Xspring_Digital|F|T|112501030|0105561177671|0xD387ad5Ea23De2CaF7493992BF60866c16aE3F5D|0105561177671;THDA0000000021;18|-|2025-03-10|10|01
-|0xD387ad5Ea23De2CaF7493992BF60866c16aE3F5D|THDA0000000021|2025-02-25|KAVALON|-|01|F|Xspring_Digital|F|T|112501181|0105561177671|0xD387ad5Ea23De2CaF7493992BF60866c16aE3F5D|0105561177671;THDA0000000021;18|-|2025-03-10|10|01
-|0xD387ad5Ea23De2CaF7493992BF60866c16aE3F5D|THDA0000000021|2025-02-25|KAVALON|-|01|F|Xspring_Digital|F|T|112520654|0105561177671|0xD387ad5Ea23De2CaF7493992BF60866c16aE3F5D|0105561177671;THDA0000000021;18|-|2025-03-10|10|01
-|0xD387ad5Ea23De2CaF7493992BF60866c16aE3F5D|THDA0000000021|2025-02-25|KAVALON|-|01|F|Xspring_Digital|F|T|112520646|0105561177671|0xD387ad5Ea23De2CaF7493992BF60866c16aE3F5D|0105561177671;THDA0000000021;18|-|2025-03-10|10|01
-|0xD387ad5Ea23De2CaF7493992BF60866c16aE3F5D|THDA0000000021|2025-02-25|KAVALON|-|01|F|Xspring_Digital|F|T|112520635|0105561177671|0xD387ad5Ea23De2CaF7493992BF60866c16aE3F5D|0105561177671;THDA0000000021;18|-|2025-03-10|10|01
-|0xD387ad5Ea23De2CaF7493992BF60866c16aE3F5D|THDA0000000021|2025-02-25|KAVALON|-|01|F|Xspring_Digital|F|T|112501184|0105561177671|0xD387ad5Ea23De2CaF7493992BF60866c16aE3F5D|0105561177671;THDA0000000021;18|-|2025-03-10|10|01
-|0xD387ad5Ea23De2CaF7493992BF60866c16aE3F5D|THDA0000000021|2025-02-25|KAVALON|-|01|F|Xspring_Digital|F|T|112501007|0105561177671|0xD387ad5Ea23De2CaF7493992BF60866c16aE3F5D|0105561177671;THDA0000000021;18|-|2025-03-10|10|01
-|0xD387ad5Ea23De2CaF7493992BF60866c16aE3F5D|THDA0000000021|2025-02-25|KAVALON|-|01|F|Xspring_Digital|F|T|1124A0389|0105561177671|0xD387ad5Ea23De2CaF7493992BF60866c16aE3F5D|0105561177671;THDA0000000021;18|-|2025-03-10|10|01
-|0xD387ad5Ea23De2CaF7493992BF60866c16aE3F5D|THDA0000000021|2025-02-25|KAVALON|-|01|F|Xspring_Digital|F|T|1124A0492|0105561177671|0xD387ad5Ea23De2CaF7493992BF60866c16aE3F5D|0105561177671;THDA0000000021;18|-|2025-03-10|10|01
-|0xD387ad5Ea23De2CaF7493992BF60866c16aE3F5D|THDA0000000021|2025-02-25|KAVALON|-|01|F|Xspring_Digital|F|T|1124A0105|0105561177671|0xD387ad5Ea23De2CaF7493992BF60866c16aE3F5D|0105561177671;THDA0000000021;18|-|2025-03-10|10|01
-|0xD387ad5Ea23De2CaF7493992BF60866c16aE3F5D|THDA0000000021|2025-02-25|KAVALON|-|01|F|Xspring_Digital|F|T|112501177|0105561177671|0xD387ad5Ea23De2CaF7493992BF60866c16aE3F5D|0105561177671;THDA0000000021;18|-|2025-03-10|10|01
-|0xD387ad5Ea23De2CaF7493992BF60866c16aE3F5D|THDA0000000021|2025-02-25|KAVALON|-|01|F|Xspring_Digital|F|T|112501183|0105561177671|0xD387ad5Ea23De2CaF7493992BF60866c16aE3F5D|0105561177671;THDA0000000021;18|-|2025-03-10|10|01
-|0xD387ad5Ea23De2CaF7493992BF60866c16aE3F5D|THDA0000000021|2025-02-25|KAVALON|-|01|F|Xspring_Digital|F|T|112520638|0105561177671|0xD387ad5Ea23De2CaF7493992BF60866c16aE3F5D|0105561177671;THDA0000000021;18|-|2025-03-10|10|01
-|0xD387ad5Ea23De2CaF7493992BF60866c16aE3F5D|THDA0000000021|2025-02-25|KAVALON|-|01|F|Xspring_Digital|F|T|112501106|0105561177671|0xD387ad5Ea23De2CaF7493992BF60866c16aE3F5D|0105561177671;THDA0000000021;18|-|2025-03-10|10|01
-|0xD387ad5Ea23De2CaF7493992BF60866c16aE3F5D|THDA0000000021|2025-02-25|KAVALON|-|01|F|Xspring_Digital|F|T|112501084|0105561177671|0xD387ad5Ea23De2CaF7493992BF60866c16aE3F5D|0105561177671;THDA0000000021;18|-|2025-03-10|10|01
-|0xD387ad5Ea23De2CaF7493992BF60866c16aE3F5D|THDA0000000021|2025-02-25|KAVALON|-|01|F|Xspring_Digital|F|T|112501186|0105561177671|0xD387ad5Ea23De2CaF7493992BF60866c16aE3F5D|0105561177671;THDA0000000021;18|-|2025-03-10|10|01
-|0xD387ad5Ea23De2CaF7493992BF60866c16aE3F5D|THDA0000000021|2025-02-25|KAVALON|-|01|F|Xspring_Digital|F|T|112501080|0105561177671|0xD387ad5Ea23De2CaF7493992BF60866c16aE3F5D|0105561177671;THDA0000000021;18|-|2025-03-10|10|01
-|0xD387ad5Ea23De2CaF7493992BF60866c16aE3F5D|THDA0000000021|2025-02-25|KAVALON|-|01|F|Xspring_Digital|F|T|112520644|0105561177671|0xD387ad5Ea23De2CaF7493992BF60866c16aE3F5D|0105561177671;THDA0000000021;18|-|2025-03-10|10|01
-|0xD387ad5Ea23De2CaF7493992BF60866c16aE3F5D|THDA0000000021|2025-02-25|KAVALON|-|01|F|Xspring_Digital|F|T|1124A0413|0105561177671|0xD387ad5Ea23De2CaF7493992BF60866c16aE3F5D|0105561177671;THDA0000000021;18|-|2025-03-10|10|01
-|0xD387ad5Ea23De2CaF7493992BF60866c16aE3F5D|THDA0000000021|2025-02-25|KAVALON|-|01|F|Xspring_Digital|F|T|1124A0116|0105561177671|0xD387ad5Ea23De2CaF7493992BF60866c16aE3F5D|0105561177671;THDA0000000021;18|-|2025-03-10|10|01
-|0xD387ad5Ea23De2CaF7493992BF60866c16aE3F5D|THDA0000000021|2025-02-25|KAVALON|-|01|F|Xspring_Digital|F|T|1124A0130|0105561177671|0xD387ad5Ea23De2CaF7493992BF60866c16aE3F5D|0105561177671;THDA0000000021;18|-|2025-03-10|10|01
-|0xD387ad5Ea23De2CaF7493992BF60866c16aE3F5D|THDA0000000021|2025-02-25|KAVALON|-|01|F|Xspring_Digital|F|T|1124A0481|0105561177671|0xD387ad5Ea23De2CaF7493992BF60866c16aE3F5D|0105561177671;THDA0000000021;18|-|2025-03-10|10|01
-|0xD387ad5Ea23De2CaF7493992BF60866c16aE3F5D|THDA0000000021|2025-02-25|KAVALON|-|01|F|Xspring_Digital|F|T|1124A0128|0105561177671|0xD387ad5Ea23De2CaF7493992BF60866c16aE3F5D|0105561177671;THDA0000000021;18|-|2025-03-10|10|01
-|0xD387ad5Ea23De2CaF7493992BF60866c16aE3F5D|THDA0000000021|2025-02-25|KAVALON|-|01|F|Xspring_Digital|F|T|112520651|0105561177671|0xD387ad5Ea23De2CaF7493992BF60866c16aE3F5D|0105561177671;THDA0000000021;18|-|2025-03-10|10|01
-|0xD387ad5Ea23De2CaF7493992BF60866c16aE3F5D|THDA0000000021|2025-02-25|KAVALON|-|01|F|Xspring_Digital|F|T|1124A0136|0105561177671|0xD387ad5Ea23De2CaF7493992BF60866c16aE3F5D|0105561177671;THDA0000000021;18|-|2025-03-10|10|01
-|0xD387ad5Ea23De2CaF7493992BF60866c16aE3F5D|THDA0000000021|2025-02-25|KAVALON|-|01|F|Xspring_Digital|F|T|112501227|0105561177671|0xD387ad5Ea23De2CaF7493992BF60866c16aE3F5D|0105561177671;THDA0000000021;18|-|2025-03-10|10|01
-|0xD387ad5Ea23De2CaF7493992BF60866c16aE3F5D|THDA0000000021|2025-02-25|KAVALON|-|01|F|Xspring_Digital|F|T|112501215|0105561177671|0xD387ad5Ea23De2CaF7493992BF60866c16aE3F5D|0105561177671;THDA0000000021;18|-|2025-03-10|10|01
-|0xD387ad5Ea23De2CaF7493992BF60866c16aE3F5D|THDA0000000021|2025-02-25|KAVALON|-|01|F|Xspring_Digital|F|T|212500001|0105561177671|0xD387ad5Ea23De2CaF7493992BF60866c16aE3F5D|0105561177671;THDA0000000021;18|-|2025-03-10|10|01